src	ref	terms	mt
一个很漂亮的女孩子——这是郝仁的第一印象。	Hao Ren got first proper look at the girl and his first impression of the girl was that she was as beautiful as goddess.	"[{""zh"":""郝仁"",""en"":""Hao Ren""}]"	This was Hao Ren's first impression of a beautiful girl.
赵颖不满的瞪大眼。	Aren’t you done yet!? Zhao Ying angrily widened her eyes.	"[{""zh"":""赵颖"",""en"":""Zhao Ying""}]"	Zhao Ying angrily stared.
赵颖转身离开。	Zhao Ying turned and walked away.	"[{""zh"":""楚离"",""en"":""Chu Li""},{""zh"":""赵颖"",""en"":""Zhao Ying""}]"	Zhao Ying turned and walked away.
卓飞扬死死瞪着他。	Zhuo Feiyang stared daggers at him.	"[{""zh"":""楚离"",""en"":""Chu Li""}]"	Zhuo Feiyang stared at him.
凌天睁开了双眼。	Ling Tian opened his eyes as his mind trembled.	"[{""zh"":""凌天"",""en"":""Ling Tian""}]"	The sky opened his eyes.
清风镇李家外姓子弟。	Fresh Breeze Town, Li Family ’s disciple with another surname.	"[{""zh"":""段凌天"",""en"":""Duan Ling Tian""}]"	Li Family's foreign surname in Qingfeng Town.
段凌天心里一暖。	Duan Ling Tian ’s heart felt warm.	"[{""zh"":""段凌天"",""en"":""Duan Ling Tian""},{""zh"":""李柔"",""en"":""Li Rou""}]"	It felt warm in the midst of the sun.
李柔微笑摇头。	Li Rou shook her head while smiling.	"[{""zh"":""李柔"",""en"":""Li Rou""}]"	Li shook head while smiling.
这就有了拉棺人的出现。	This was where Coffin Carriers came into play.	"[{""zh"":""拉棺人"",""en"":""Coffin Carriers""}]"	This was the appearance of the coffin-draggers.
石峰有些糊涂了。	Shi Feng was slightly confused.	"[{""zh"":""石峰"",""en"":""Shi Feng""}]"	The peaks are slightly confused.
石峰又看了看手机上的时间。	Shi Feng looked at the time on his phone.	"[{""zh"":""石峰"",""en"":""Shi Feng""}]"	Shifeng looked again at the time on his mobile phone.
对于幽影他再熟悉不过。	He could not be more familiar with Shadow.	"[{""zh"":""幽影"",""en"":""Shadow""}]"	Shadow was familiar to him.
主线任务1.0——收纳四名亲传衣钵弟子。	Main Quest. Take in disciples.	"[{""zh"":""亲传衣钵弟子"",""en"":""disciples""}]"	Main Task 1.0: To receive four relatives of disciples from the Mantle of Clothing.
林锋眼睛骤然亮了起来。	Lin Feng ’s eyes suddenly lit up.	"[{""zh"":""林锋"",""en"":""Lin Feng""}]"	Lin Feng's eyes suddenly lit up.
时光走了。	Shi Guang was gone.	"[{""zh"":""时光"",""en"":""Shi Guang""}]"	Guang Time is gone.
而重创的前身就这么被生生气死了。	The seriously wounded Ling Han thus died in anger.	"[{""zh"":""凌寒"",""en"":""Ling Han""}]"	The battered predecessor was so angry that he died.
一声声学羊叫的声音在寂静的山岭之中回荡着。	The cries of young shepherd’s sheep echoed across the usually tranquil mountain range.	"[{""zh"":""寂静的山岭"",""en"":""the usually tranquil mountain""}]"	An acoustic scream echoed through the tranquil mountains.
路胜深深叹了口气。	Lu Sheng heaved deep sigh.	"[{""zh"":""路胜"",""en"":""Lu Sheng""}]"	Lu Sheng heaved a deep sigh.
他轻车熟路的随着小厮进了酒坊。	He followed the servant into the familiar winery.	"[{""zh"":""小厮"",""en"":""the servant""},{""zh"":""酒坊"",""en"":""the familiar winery""}]"	He rode lightly into the wine-shop with the young man.
路胜让小巧掏出一两碎银放在桌上。	“Deal, Lu Sheng let Little Qiao take out talent of silver and place it on the table.	"[{""zh"":""路胜"",""en"":""Lu Sheng""},{""zh"":""小巧"",""en"":""Little Qiao""}]"	Lu Sheng asked Xiao to take out one or two pieces of silver and put it on the table.
路胜听出这是城门守备的军官在闲聊。	Lu Sheng could tell that it was the officers on guard duty chit - chatting.	"[{""zh"":""路胜"",""en"":""Lu Sheng""},{""zh"":""军官"",""en"":""the officers""}]"	Lu Sheng heard the officers guarding the gate chatting.
“这倒是巧了....”路胜脸上不动声色。	‘What coincidence … Lu Sheng ’s face betrayed nothing.	"[{""zh"":""路胜"",""en"":""Lu Sheng""}]"	It was a coincidence that Lu Sheng's face remained silent.
同时电视屏幕上开始反复播放刚才的一幕。	At the same time, the television screen began repeatedly replaying the scene from before.	"[{""zh"":""唐恩"",""en"":""Twain""}]"	Meanwhile, the TV screen began to repeat the scene from time to time.
而这一切看上去似乎和他已经没什么关系了。	The incident was replayed on the news.	"[{""zh"":""诺丁汉森林（nottinghamForest）"",""en"":""Team Nottingham""}]"	The whole thing seemed to have nothing to do with him anymore.
嘈杂的酒吧中响起了一阵嘘声。	wave of jeers was heard throughout the noisy bar.	"[{""zh"":""弱旅沃尔萨尔"",""en"":""Walsall""},{""zh"":""森林队"",""en"":""Team Nottingham Forest""},{""zh"":""保罗&#183;哈特"",""en"":""Paul Hart""},{""zh"":""尼格尔&#183;多格蒂"",""en"":""Nigel Doughty""}]"	There was a noisy boo from the noisy bar jeers .
问完他又扭头对着这酒吧里面的其他人哈哈大笑起来。	After he finished asking, he turned around and started laughing, along with the rest of the people in the bar.	"[{""zh"":""约翰森"",""en"":""Johnson""}]"	After asking, he turned to the other people in the bar and laughed.
旁边看热闹得酒鬼们大笑起来。	The drunks who were watching from the side started bursting out in laughter.	"[{""zh"":""唐恩"",""en"":""Tang En""}]"	Watching the bustle, the drinkers bursting out laughter.
他所指的正是孟奇和真慧。	He was pointing directly at Meng Qi and Zhen Hui.	"[{""zh"":""顾墨寒"",""en"":""Gu Mohan""}]"	He was referring to Menge and true wisdom.
就比方在学校一直都在对她纠缠不清的那个柳家大少爷。	An example would be the young master of the Liu family, who kept pestering her at school.	"[{""zh"":""孟奇"",""en"":""Meng Qi""},{""zh"":""真慧"",""en"":""Zhen Hui""}]"	For example, Mr. Liu, who had been pestering her at school.
蒋飞自我安慰道。	Jiang Fei grunted.	"[{""zh"":""唐慕馨"",""en"":""Tang Muxin""}]"	Chiang Fei grunted himself.
赵峰点了点头。	Zhao Feng nodded.	"[{""zh"":""蒋飞"",""en"":""Jiang Fei""}]"	Zhao nodded.
正往家走的蒋飞突然发现前面一颗树下有点点的光华闪动。	“Doubt it’s worth much. Might as well … said Jiang Fei, casually slipping it on. Over the table at dinner, Jiang Fei tried once again to convince his father. He was shot down in record time. No.	"[{""zh"":""蒋飞"",""en"":""Jiang Fei""}]"	As he was walking home, Chiang Fei suddenly overlooked a slight flash of light under a tree ahead.
江南大学城。	Jiang Nan University City.	"[{""zh"":""蒋飞"",""en"":""Jiang Fei""}]"	Jiang Nan University Town
宋书航继续按了同意。	Song Shuhang proceeded to tap on ‘Accept’.	"[{""zh"":""江南大学城"",""en"":""Jiang Nan University City""}]"	Song Shuhai continued to press consent.
‘书山压力大’同意加入‘九洲一号群’。	Mt. Books’ Huge Pressure has accepted to join Nine Provinces () Group.	"[{""zh"":""宋书航"",""en"":""Song Shuhang""}]"	Nine Provinces has agreed to join the group.
狂刀三浪才刚说完。	… … Mad Saber Three Waves immediately withered.	"[{""zh"":""书山压力大"",""en"":""Mt. Books’ Huge Pressure""},{""zh"":""九洲一号群"",""en"":""Nine Provinces (1) Group""}]"	The Three Waves of Raging Knives immediately withered.
“那只能等新道友学会用聊天工具后再聊了。”	“In that case, we can only wait for our new fellow daoist to learn how to use the chatting tool before we chat. Su Clan’s Ah Qi sighed. They all knew first impression was the strongest, and believed that the new member was also one of them.	"[{""zh"":""狂刀三浪"",""en"":""Mad Saber Three Waves""}]"	That can only wait until a new Taoist learns to use a chat tool.
宋书航大概游览了一遍。	Song Shuhang roughly skimmed through it.	"[{""zh"":""新道友"",""en"":""new fellow daoist""}]"	Song Shuhai probably visited once.
“哧～～”宋书航笑出声来。	“Chi ~ ~ Song Shuhang started audibly laughing.	"[{""zh"":""宋书航"",""en"":""Song Shuhang""}]"	Song Shuhang burst into laughter.
这便是他对‘九洲一号群’和群里成员的第一印象。	This was his first impression of the members in Nine Provinces () Group.	"[{""zh"":""宋书航"",""en"":""Song Shuhang""}]"	This was his first impression of the group and its members.
林澈迷迷糊糊的从床上爬起来。	Lin Che got up from the bed in daze.	"[{""zh"":""九洲一号群"",""en"":""Nine Provinces (1) Group""}]"	Lim climbed up from the bed confusedly.
安林一脸不解。	There was look of confusion on An Lin ’s face while he scratched his head.	"[{""zh"":""林澈"",""en"":""Lin Che""}]"	There confusion An Lin faces.
安林惊疑不定。	An Lin was surprised and uncertain.	"[{""zh"":""仙人"",""en"":""the Immortal""}]"	Amrin was surprised.
这是上京新晋大少刘峰和前四少之一张汉的对决。	This was showdown between the new young master of the Shang Jing, Liu Feng, and one of the first four young masters, Zhang Han.	"[{""zh"":""安林"",""en"":""An Lin""}]"	This was the duel between Liu Feng, a major in Beijing's new Jin Dynasty, and Zhang Han, one of the first four young men.
“咱们去看看曾经高高在上的张大少吧。”	“Let’s go to see the ever - superior Young Master Zhang.	"[{""zh"":""上京"",""en"":""the Shang Jing""},{""zh"":""刘峰"",""en"":""Liu Feng""},{""zh"":""张汉"",""en"":""Zhang Han""}]"	Let's go and see Zhang Sizhou, who used to be taller.
一阵的嘲讽谩骂终于让张汉有了一丝反应。	burst of ridiculing and cursing finally got reaction from Zhang Han.	"[{""zh"":""张大少"",""en"":""Young Master Zhang""}]"	A flurry of mockery and abuse finally gave Zhang a slight reaction.
“怕不是变成了一个傻子呦。”	“I’m afraid he didn’t turn into fool.	"[{""zh"":""张汉"",""en"":""Zhang Han""}]"	I'm afraid I didn't become a fool.
张汉的神情扬起一丝落寞。	Zhang Han ’s expression turned lonely.	"[{""zh"":""张汉"",""en"":""Zhang Han""}]"	Zhang Han's expression lifted a little lonely.
张汉眉开眼笑的说道。	Zhang Han said with beaming smile.	"[{""zh"":""张汉"",""en"":""Zhang Han""}]"	said Han Zhang, with an open smile.
张汉好笑的摇了摇头。	Zhang Han laughed and shook his head.	"[{""zh"":""张汉"",""en"":""Zhang Han""}]"	Zhang Han shook his head funnily.
铁锈湖。	Lake Rusty.	"[{""zh"":""张汉"",""en"":""Zhang Han""}]"	Lake Rust
联邦第二十三号特种垃圾处理场。	Federal Special Waste Treatment Plant No. 23.	"[{""zh"":""铁锈湖"",""en"":""Lake Rusty""}]"	Federal Special Refuse Treatment Yard 23.
也被称为“法宝坟墓”。	Also known as the Artifact Graveyard.	"[{""zh"":""联邦第二十三号特种垃圾处理场"",""en"":""Federal Special Waste Treatment Plant No. 23""}]"	Also known as the Dharma Tomb.
肥龙不由啐了一口。	Seeing this, Fatty Leung could not help but spit mouthful of saliva.	"[{""zh"":""法宝坟墓"",""en"":""Artifact Graveyard""}]"	The fat dragon could not help but spat.
王耀这辈子都没喝过这么甘甜的水。	“It’s so tasty! Wang Yao had never drunk such tasty water before.	"[{""zh"":""肥龙"",""en"":""Fatty Leung""}]"	Wang Yao never drank such sweet water in his life.
